method,alpha,p5,p10,p20,r5,r10,r20
tfidf,,0.2500,0.2184,0.1717,0.0433,0.0799,0.1161
tfidf_stopwords,,0.2579,0.2289,0.1895,0.0457,0.0805,0.1227
tfidf_sklearn,,0.3553,0.2961,0.2474,0.0700,0.1049,0.1884
embeddings,,0.4579,0.4000,0.3296,0.0810,0.1333,0.2032
hybrid_tfidf,0.0,0.4579,0.4000,0.3296,0.0810,0.1333,0.2032
hybrid_tfidf,0.1,0.4579,0.4132,0.3355,0.0812,0.1427,0.2061
hybrid_tfidf,0.2,0.4105,0.3842,0.3243,0.0748,0.1302,0.2041
hybrid_tfidf,0.3,0.3974,0.3684,0.3112,0.0731,0.1241,0.2022
hybrid_tfidf,0.4,0.3974,0.3526,0.2967,0.0716,0.1199,0.1884
hybrid_tfidf,0.5,0.3605,0.3289,0.2737,0.0653,0.1112,0.1785
hybrid_tfidf,0.6,0.3368,0.3026,0.2559,0.0608,0.1050,0.1672
hybrid_tfidf,0.7,0.3211,0.2842,0.2421,0.0574,0.0970,0.1552
hybrid_tfidf,0.8,0.2816,0.2684,0.2217,0.0482,0.0917,0.1457
hybrid_tfidf,0.9,0.2711,0.2487,0.2007,0.0475,0.0854,0.1296
hybrid_tfidf,1.0,0.2579,0.2289,0.1895,0.0457,0.0805,0.1227
hybrid_sklearn,0.0,0.4579,0.4000,0.3296,0.0810,0.1333,0.2032
hybrid_sklearn,0.1,0.4658,0.4171,0.3428,0.0869,0.1405,0.2123
hybrid_sklearn,0.2,0.4553,0.4118,0.3322,0.0841,0.1391,0.2144
hybrid_sklearn,0.3,0.4316,0.3921,0.3283,0.0793,0.1371,0.2089
hybrid_sklearn,0.4,0.4158,0.3763,0.3204,0.0749,0.1342,0.2056
hybrid_sklearn,0.5,0.4132,0.3579,0.3099,0.0724,0.1284,0.2075
hybrid_sklearn,0.6,0.4105,0.3447,0.2901,0.0772,0.1239,0.1934
hybrid_sklearn,0.7,0.3974,0.3303,0.2789,0.0757,0.1147,0.2140
hybrid_sklearn,0.8,0.3816,0.3211,0.2730,0.0732,0.1143,0.2117
hybrid_sklearn,0.9,0.3737,0.3118,0.2566,0.0728,0.1121,0.2012
hybrid_sklearn,1.0,0.3553,0.2961,0.2474,0.0700,0.1049,0.1884
